{
  "melhor_modelo": "Random Forest",
  "margem_erro": 90000,
  "resultados_todos_modelos": {
    "Random Forest": {
      "r2": 0.9108781539382833,
      "mae": 98888.03666130915,
      "rmse": 169597.83056524897
    },
    "XGBoost": {
      "r2": 0.9042644996177228,
      "mae": 110865.68813606194,
      "rmse": 175778.07799467232
    },
    "LightGBM": {
      "r2": 0.9058891224982981,
      "mae": 110799.45894515204,
      "rmse": 174280.22707264993
    }
  }
}